{"cameraMode":{"drawMode":0,"name":"Shaded","section":"Shading Mode"},"sceneLighting":true,"audioPlay":false,"sceneViewState":{"m_AlwaysRefresh":false,"showFog":true,"showSkybox":true,"showFlares":true,"showImageEffects":true,"showParticleSystems":true,"showVisualEffectGraphs":true,"m_FxEnabled":true},"in2DMode":false,"pivot":{"x":-3.562185287475586,"y":-3.125169038772583,"z":21.751739501953126},"rotation":{"x":-0.10313922166824341,"y":0.09592855721712113,"z":-0.009994019754230976,"w":-0.9899740815162659},"size":11.57875919342041,"orthographic":false}